_id,first_name,last_name,DOB,gender,aadhar_number,email,father_name,mother_name,father_number,mother_number,admission_date,photo_url,is_active,address_permanent,address_correspondence,city,state,zip_code
S001,Alisha,Jaggi,2018-01-15,Male,651513904503,majumdarkrish@yahoo.com,Amira Loke,Hrishita Choudhary,6076104826,04716771054,2021-01-06,https://randomuser.me/api/portraits/men/1.jpg,True,"40, Bahl Road, Pudukkottai-015540","37/613, Varty Marg, Gudivada 369819",Bettiah,Sikkim,932338
S002,Dishani,Seth,2016-03-12,Female,827321922797,ushetty@khanna.biz,Navya Wali,Neysa Bhagat,+917982176384,+917552171580,2023-11-27,https://randomuser.me/api/portraits/women/2.jpg,True,"72, Brahmbhatt, Muzaffarnagar 942585","405, Borra Circle, Akola 759374",Kurnool,Punjab,938860
S003,Manikya,Tailor,2019-09-13,Female,459227874058,urvi50@yahoo.com,Damini Golla,Aaina Kaur,02074512787,+914432541704,2022-12-01,https://randomuser.me/api/portraits/women/3.jpg,True,"240, Lalla Ganj, Dehradun-913333","995, Swaminathan Marg, Panipat-341291",South Dumdum,Jharkhand,503491
S004,Madhav,Balan,2017-05-07,Female,675277880323,tanya31@dubey.com,Vedika Konda,Siya Balakrishnan,+914021839110,+917468813746,2023-05-25,https://randomuser.me/api/portraits/women/4.jpg,True,"87, Anand Nagar, Firozabad-071645","92, Sur Nagar, Indore-851932",Bally,Haryana,831847
S005,Kashvi,Kurian,2016-12-09,Female,398729240305,vohraaniruddh@gmail.com,Samar Saxena,Advik Ben,+913536947822,04483475402,2024-08-27,https://randomuser.me/api/portraits/women/5.jpg,True,"H.No. 325, Kakar Circle, Bidar-850629","H.No. 209, Ratta Road, Pali-981569",Khora ,Madhya Pradesh,752696
S006,Sana,Mandal,2016-03-07,Female,632181134631,mandmyra@gmail.com,Tejas Yadav,Dhruv Vala,+919471818090,6015765474,2022-03-10,https://randomuser.me/api/portraits/women/6.jpg,True,"78/228, Chaudry Marg, Rohtak-357590","22/54, Keer Ganj, Bhavnagar 619365",Tiruppur,Manipur,870436
S007,Emir,Doctor,2015-06-27,Female,469069292486,ivanabhagat@venkataraman.com,Rati Iyengar,Ivan Roy,5980371323,3127163441,2022-07-11,https://randomuser.me/api/portraits/women/7.jpg,True,"86, Sule Marg, Agra-340960","H.No. 187, Basak Path, Aurangabad-564540",Eluru,Sikkim,783306
S008,Jhanvi,Sengupta,2006-10-09,Female,546256713123,lakshay75@rama.com,Himmat Bumb,Kabir Ramaswamy,7570605165,8911239408,2024-06-12,https://randomuser.me/api/portraits/women/8.jpg,True,"69, Chaudhary Nagar, Gulbarga-385749","H.No. 20, Borah Marg, Khammam-785355",Moradabad,Andhra Pradesh,867960
S009,Samaira,Sani,2017-10-28,Male,954884923158,balikiaan@solanki.org,Indranil Sura,Mehul Samra,2339531898,+919166104731,2024-12-15,https://randomuser.me/api/portraits/men/9.jpg,True,"H.No. 74, Babu Path, Bharatpur-500383","H.No. 551, Varty Ganj, Noida-451693",Chittoor,Goa,378637
S010,Romil,Varkey,2010-08-07,Male,942637806419,zaina38@dada.com,Anvi Dube,Anya Soman,+910882915086,+913440757521,2025-01-31,https://randomuser.me/api/portraits/men/10.jpg,True,"92/88, Sura Zila, Sagar-654763","61/94, Mahal Path, Latur 263071",Barasat,Uttarakhand,077543
S011,Bhamini,Mand,2016-10-16,Male,305770155180,yasmin32@yahoo.com,Divij Som,Anya Baria,9554941364,4261087332,2021-06-11,https://randomuser.me/api/portraits/men/11.jpg,True,"31/19, Cheema Path, Jabalpur 318632","55/66, Luthra Road, Bhimavaram 789576",Danapur,Sikkim,997757
S012,Baiju,Tank,2007-11-04,Female,688218947142,gwalia@madan.net,Amani Krish,Kavya Anand,+912825093741,7548185985,2021-05-25,https://randomuser.me/api/portraits/women/12.jpg,True,"93/187, Krishna Circle, Agartala 088997","71, Suri Road, Guntur 489383",Motihari,Haryana,757562
S013,Yasmin,Agrawal,2017-06-29,Female,530169266290,hansrania@hotmail.com,Saksham Bajwa,Samaira Sastry,02689266804,+919562992861,2024-05-01,https://randomuser.me/api/portraits/women/13.jpg,True,"H.No. 06, Ram Zila, Hubli–Dharwad 664958","525, Borde Marg, Dibrugarh-941654",Madanapalle,Haryana,869127
S014,Raghav,Rajagopalan,2016-04-10,Female,509089088620,gulatiranbir@jhaveri.biz,Rati Iyer,Samiha Johal,04226565255,+919699480926,2022-06-05,https://randomuser.me/api/portraits/women/14.jpg,True,"28/87, Char Zila, Bokaro-557461","H.No. 777, Batta Path, Alappuzha-001529",Berhampore,Uttarakhand,838116
S015,Shamik,Mahal,2007-05-11,Male,341563246643,nakul34@ramaswamy.info,Umang Gopal,Shlok Sastry,08410469052,08735953530,2021-07-01,https://randomuser.me/api/portraits/men/15.jpg,True,"H.No. 618, Doctor Street, Erode-439843","H.No. 916, Khalsa Zila, Bidhannagar-761883",Bettiah,Gujarat,572417
S016,Anika,Andra,2013-02-11,Male,999271654739,sheredhanuk@dhawan.com,Miraya Balakrishnan,Shayak Dewan,1892240978,6439672923,2022-03-24,https://randomuser.me/api/portraits/men/16.jpg,True,"H.No. 68, Ahuja Chowk, Udaipur 549725","987, Seth Nagar, Nashik 984386",Nashik,Haryana,167916
S017,Indranil,Ray,2010-12-07,Female,416338125187,vidur81@hayre.com,Parinaaz Issac,Zeeshan Varughese,+918237117266,09689913500,2021-03-27,https://randomuser.me/api/portraits/women/17.jpg,True,"99/580, Loke, Agartala-893131","782, Chatterjee Zila, Davanagere-305333",Vadodara,Odisha,938412
S018,Nishith,Joshi,2013-12-12,Female,401381882029,kuruvillaaarna@bedi.com,Himmat Dara,Raghav Singhal,+918021574200,3205882361,2022-06-25,https://randomuser.me/api/portraits/women/18.jpg,True,"79/347, Wason Circle, Tadepalligudem-183013","89/324, Bandi Chowk, Junagadh 616448",Gopalpur,Sikkim,072144
S019,Ehsaan,Lall,2013-04-23,Male,228736125000,miraan03@shan.com,Manjari Sha,Nayantara Sibal,+919043868545,6675587118,2023-12-20,https://randomuser.me/api/portraits/men/19.jpg,True,"H.No. 15, Gopal Ganj, Jaipur 768847","28/84, Chhabra Chowk, Mangalore 569860",Anantapur,Gujarat,207948
S020,Hansh,Borde,2016-09-13,Male,903202431058,azad98@gmail.com,Vihaan Sant,Himmat Sharaf,+913240759413,0828221359,2025-05-03,https://randomuser.me/api/portraits/men/20.jpg,True,"12, Rao Path, Tezpur 878360","26, Chad Nagar, Thane 005302",Raiganj,Tripura,128078
S021,Samarth,Borde,2016-01-02,Male,982678431735,joshizain@yahoo.com,Zain Vyas,Dhruv Guha,5211844423,7662850069,2021-10-08,https://randomuser.me/api/portraits/men/21.jpg,True,"H.No. 29, Sinha Street, Junagadh-099119","H.No. 958, Tata Road, Guwahati 738915",Hapur,Gujarat,998654
S022,Eva,Bawa,2013-07-25,Female,322062575899,shanaya14@gmail.com,Gatik Barad,Abram Dalal,+910532191656,+915581073408,2022-05-24,https://randomuser.me/api/portraits/women/22.jpg,True,"97/081, Bhatnagar Marg, Karawal Nagar 180187","079, Kade Circle, Naihati 266935",Maheshtala,Rajasthan,964118
S023,Manjari,Zacharia,2009-12-11,Male,408357670647,akarshkannan@chopra-dara.com,Zoya Grewal,Purab Samra,06329946295,01158042335,2024-04-23,https://randomuser.me/api/portraits/men/23.jpg,True,"425, Deshmukh Path, Sambhal 905945","H.No. 69, Tata, Ahmednagar-498993",Kottayam,Haryana,114619
S024,Siya,Chanda,2007-08-16,Male,629020171702,anyasami@hotmail.com,Shlok Krishna,Yasmin Sura,0342875177,3670780720,2025-03-23,https://randomuser.me/api/portraits/men/24.jpg,True,"78, Gola Road, Gaya 770124","H.No. 790, Sachar Circle, Satara-838648",Proddatur,Maharashtra,722546
S025,Krish,Rao,2013-07-27,Female,480177855608,diyaraj@gmail.com,Ranbir Ben,Seher Aurora,+913458109369,1236562498,2020-10-21,https://randomuser.me/api/portraits/women/25.jpg,True,"H.No. 74, Dora Chowk, Mango-251383","H.No. 27, Bora Road, Silchar-718579",Thanjavur,Kerala,635273
S026,Yuvaan,Manda,2014-10-11,Male,223115264143,bhattisaksham@yahoo.com,Abram Andra,Himmat Chatterjee,04129344758,03094104479,2025-01-13,https://randomuser.me/api/portraits/men/26.jpg,True,"H.No. 710, Batra Marg, Ghaziabad-618599","41/028, Cheema Zila, Ulhasnagar-452039",Guna,Bihar,182688
S027,Eshani,Bath,2016-05-02,Female,680477857783,jayeshthakur@gmail.com,Manjari Raman,Nitya Mani,0685345580,07176196400,2021-03-25,https://randomuser.me/api/portraits/women/27.jpg,True,"H.No. 564, Sant Chowk, Tadepalligudem 008573","H.No. 688, Tara Marg, Raipur-848893",Kochi,Uttar Pradesh,937487
S028,Heer,Srinivasan,2008-12-19,Female,762057371258,ravelbiju@yahoo.com,Anay Das,Hrishita Ramanathan,7137092105,8158208211,2021-01-20,https://randomuser.me/api/portraits/women/28.jpg,True,"H.No. 32, Chanda, Jalandhar-300859","477, Yogi Road, Ambarnath 157549",Ongole,Odisha,336695
S029,Shayak,Yadav,2010-08-02,Male,435540685582,madhavsastry@barad-gala.com,Aniruddh Kapoor,Mehul Batra,0521726919,9425371558,2025-01-14,https://randomuser.me/api/portraits/men/29.jpg,True,"26/080, Dube Zila, Alwar-548781","H.No. 329, Chandran Chowk, Narasaraopet-526765",Rajpur Sonarpur,Telangana,338707
S030,Emir,Konda,2009-10-02,Male,657179226686,navyakorpal@buch.org,Riya Bhavsar,Anika Apte,+916165376208,7225743861,2023-09-17,https://randomuser.me/api/portraits/men/30.jpg,True,"28, Seth Zila, Gudivada-149162","769, Divan Chowk, Rewa 209364",Nanded,Uttarakhand,835781
S031,Ahana ,Varghese,2013-05-14,Female,236665724438,ishita22@hotmail.com,Samarth Agrawal,Ritvik Borah,4697126290,06727023731,2021-09-06,https://randomuser.me/api/portraits/women/31.jpg,True,"99/556, Savant Circle, Thrissur-820258","775, Luthra, Kota 509568",Kishanganj,Maharashtra,017732
S032,Romil,Dewan,2014-04-26,Male,721311004462,ivana78@gara.info,Ryan Shenoy,Arhaan Mallick,4427578146,7403751690,2023-06-10,https://randomuser.me/api/portraits/men/32.jpg,True,"H.No. 01, Gokhale Zila, Suryapet-291894","77/115, Chandran, Nanded-093860",Mango,Uttarakhand,810098
S033,Tara,Thakur,2013-11-01,Male,736022864416,gkarpe@badal.org,Tiya Master,Arhaan Kannan,+911016174882,8415055520,2025-01-08,https://randomuser.me/api/portraits/men/33.jpg,True,"338, Chakrabarti Chowk, Varanasi-653340","90/403, Keer Road, Durg 998169",Karawal Nagar,Maharashtra,479220
S034,Lavanya,Shankar,2017-04-22,Female,204853060376,samashanaya@viswanathan-biswas.net,Onkar Dyal,Shaan Apte,+912102118804,+911822265914,2022-05-28,https://randomuser.me/api/portraits/women/34.jpg,True,"H.No. 359, Halder Path, Nangloi Jat-315282","H.No. 25, Brahmbhatt Marg, Kharagpur 307792",Ulhasnagar,Gujarat,896852
S035,Ojas,Dhingra,2013-10-05,Male,202633468893,madhavgade@kalita-kapadia.com,Adah Bath,Hridaan Kadakia,+918090587886,05435732483,2024-09-02,https://randomuser.me/api/portraits/men/35.jpg,True,"170, Jani Nagar, Durgapur-424149","H.No. 015, Jani Nagar, Hazaribagh-472125",Gaya,Punjab,989050
S036,Eshani,Kurian,2014-10-26,Female,956948079712,wgarg@hotmail.com,Tejas Dugar,Hridaan Behl,4474389128,07192321525,2021-07-06,https://randomuser.me/api/portraits/women/36.jpg,True,"H.No. 61, Chatterjee Nagar, Barasat-754477","160, Sampath Street, Shimoga-578382",Alwar,Maharashtra,649265
S037,Misha,Vasa,2014-09-01,Male,514960898196,tripathivanya@gmail.com,Jhanvi Virk,Nitya Goel,+915539092326,+914277713658,2022-09-05,https://randomuser.me/api/portraits/men/37.jpg,True,"H.No. 46, Contractor, Moradabad-231390","23, Desai Marg, Deoghar-066700",Udaipur,Jharkhand,381286
S038,Zaina,Luthra,2011-07-25,Female,806729489634,kshenoy@grewal.com,Darshit Kunda,Tushar Issac,+911445179866,3043868011,2020-09-02,https://randomuser.me/api/portraits/women/38.jpg,True,"95/548, Gola Marg, Kota 645905","64/969, Joshi Path, Begusarai 447870",Coimbatore,Jharkhand,667858
S039,Vidur,Sachdeva,2010-10-09,Female,916547204594,emirshan@dhillon.info,Tarini Gour,Lakshay Wali,9555964945,+910675694755,2023-10-28,https://randomuser.me/api/portraits/women/39.jpg,True,"H.No. 05, Ratti Chowk, Bikaner 473030","99, Doshi, Jaunpur-416796",Ghaziabad,Tripura,019619
S040,Pranay,Grewal,2007-01-28,Female,204611539037,shayakravel@yahoo.com,Vritika Kuruvilla,Miraan Dara,+915253805735,+914749102994,2021-05-08,https://randomuser.me/api/portraits/women/40.jpg,True,"86/949, Jain Ganj, Chapra-825833","63/516, Krish Chowk, Chandigarh 461633",Gwalior,Himachal Pradesh,871285
S041,Zaina,Chacko,2014-11-24,Male,418435870754,sarkarinaaya@hotmail.com,Samaira Shenoy,Yuvaan Kulkarni,06899612905,07581275869,2025-01-28,https://randomuser.me/api/portraits/men/41.jpg,True,"H.No. 00, Ramachandran, Korba-709468","61/64, Chaudhary Street, Visakhapatnam-549617",Jaipur,Punjab,454310
S042,Riya,Shukla,2007-03-10,Male,836686382317,latwal@mandal.org,Adira Khatri,Lakshit Sunder,08584258525,7099439256,2023-05-20,https://randomuser.me/api/portraits/men/42.jpg,True,"H.No. 581, Zachariah, Vijayanagaram 696574","H.No. 624, Kohli Circle, Rourkela-428935",Hyderabad,Haryana,218492
S043,Ivana,Sidhu,2007-08-10,Female,169819974893,deepivana@lalla.com,Mohanlal Kaul,Vaibhav Dewan,03489288166,7067548131,2021-12-04,https://randomuser.me/api/portraits/women/43.jpg,True,"10/771, Varty, Buxar 276981","H.No. 350, Konda Circle, Ratlam 233454",Sangli-Miraj & Kupwad,Haryana,688899
S044,Piya,Balay,2009-08-30,Male,990269487725,prisha57@talwar-balay.info,Nirvi Krish,Shalv Bhagat,06756455308,03955617831,2024-11-12,https://randomuser.me/api/portraits/men/44.jpg,True,"H.No. 92, Dhingra, Bhusawal-285510","48/14, Sathe, Dhanbad-952352",Uluberia,Punjab,149964
S045,Aradhya,Barman,2012-04-08,Male,129075628088,fkhare@rastogi-ramakrishnan.com,Shray Toor,Mishti Sarna,+915969969524,6739582104,2022-02-16,https://randomuser.me/api/portraits/men/45.jpg,True,"73/14, Kannan Circle, Tirunelveli-945848","810, Deshpande Road, Narasaraopet-656518",Nangloi Jat,Tripura,972063
S046,Saira,Srinivasan,2011-03-17,Female,684192798703,wdani@yahoo.com,Jayesh Bhalla,Aaryahi Sethi,01093456059,+918471325824,2021-05-28,https://randomuser.me/api/portraits/women/46.jpg,True,"43/954, Ben Chowk, Nadiad-114686","02/50, Ramanathan Nagar, Sikar-093087",Bidar,West Bengal,502243
S047,Trisha,Seth,2012-07-22,Male,134561609541,anayawable@hayer.com,Aaryahi Bedi,Jiya Konda,9209084913,09141290952,2025-06-19,https://randomuser.me/api/portraits/men/47.jpg,True,"70, Vasa Ganj, Phusro 261753","74, Varghese Chowk, Rohtak 836224",Kollam,Maharashtra,704337
S048,Tanya,Taneja,2007-03-28,Female,152227268780,lavanya44@kannan.org,Manjari Bakshi,Inaaya  Sahota,8545889404,7429880117,2023-03-10,https://randomuser.me/api/portraits/women/48.jpg,True,"H.No. 59, Kumar Chowk, Kozhikode-312134","10, Andra Road, Rewa-506414",Bareilly,Punjab,138285
S049,Heer,Brar,2015-10-16,Male,486971069378,ychoudhry@shukla.net,Diya Gaba,Nirvaan Chakrabarti,03971884990,00584100197,2021-09-10,https://randomuser.me/api/portraits/men/49.jpg,True,"657, Mani Road, Anantapuram-523988","H.No. 24, Kurian Street, Hubli–Dharwad-486474",Bihar Sharif,Andhra Pradesh,511668
S050,Diya,Desai,2008-07-24,Male,339481930461,evabalakrishnan@hotmail.com,Rania Gour,Zoya Sur,06707540085,03174312726,2024-10-18,https://randomuser.me/api/portraits/men/50.jpg,True,"98, Kaul Nagar, Naihati-663821","797, Dugar, Proddatur-277558",Morbi,Uttarakhand,269042
S051,Zeeshan,Walia,2011-05-29,Male,377909573695,mammentaimur@yahoo.com,Lavanya Dasgupta,Kiara Zachariah,6694390691,3438065944,2023-09-11,https://randomuser.me/api/portraits/men/51.jpg,True,"58, Amble Marg, Raurkela Industrial Township-287812","H.No. 477, Iyengar Street, Shahjahanpur 681229",Bhalswa Jahangir Pur,Madhya Pradesh,500025
S052,Suhana,Seth,2020-05-29,Male,279007483002,arnavbedi@yahoo.com,Lagan Raman,Neysa Walla,01852998008,6691394886,2023-12-12,https://randomuser.me/api/portraits/men/52.jpg,True,"26, Chauhan Chowk, Mira-Bhayandar 832383","590, Dada Path, Machilipatnam 916042",Raipur,Odisha,066704
S053,Myra,Seth,2019-04-09,Female,196842451108,nishithjha@yahoo.com,Ivan Dhaliwal,Raghav Barad,+916347918064,04158488653,2021-05-09,https://randomuser.me/api/portraits/women/53.jpg,True,"480, Chauhan Ganj, Kishanganj-438557","81, Deep Marg, Nangloi Jat-375397",Uluberia,Madhya Pradesh,106309
S054,Nirvi,Balakrishnan,2018-01-28,Female,529353983904,ydayal@buch.com,Mamooty Ramaswamy,Shayak Kurian,8755510807,4674274703,2020-09-07,https://randomuser.me/api/portraits/women/54.jpg,True,"97, Apte Street, Shahjahanpur 721175","07/267, Ravi Marg, Kollam-863086",Chandrapur,West Bengal,411361
S055,Krish,Solanki,2014-09-03,Male,982059713573,mohanlalbava@bava.biz,Tejas Wali,Manjari Chakrabarti,8081277746,03885118544,2022-10-20,https://randomuser.me/api/portraits/men/55.jpg,True,"092, Barad Path, Junagadh 737443","69/051, Rastogi Marg, Medininagar 922031",Bidhannagar,Rajasthan,430485
S056,Rania,Bhalla,2016-03-25,Male,218133571771,uthkarshgulati@gmail.com,Elakshi Gandhi,Gokul Kibe,+915590520289,0991575708,2020-12-25,https://randomuser.me/api/portraits/men/56.jpg,True,"124, Dalal Zila, Anantapur-725964","59/89, Rout Circle, Madhyamgram-030929",Silchar,Maharashtra,466986
S057,Ritvik,Barad,2014-02-09,Female,266069425217,ydeo@hotmail.com,Anya Bhagat,Hridaan Goyal,+918108412728,8397135517,2024-02-09,https://randomuser.me/api/portraits/women/57.jpg,True,"H.No. 373, Shenoy Path, Hosur-764458","H.No. 434, Hora, Mau 457932",Kolhapur,Assam,917113
S058,Seher,Ganesan,2008-12-24,Male,321170889133,jtalwar@bal.net,Sana Bhargava,Mamooty Sandhu,+912097147954,03706452619,2025-02-02,https://randomuser.me/api/portraits/men/58.jpg,True,"H.No. 07, Kashyap Ganj, Bhilai-677597","93/34, Gour Marg, Bhilwara 083593",Dindigul,Jharkhand,731816
S059,Umang,Cheema,2011-01-21,Male,921548079185,aayushseth@gmail.com,Jayant Rout,Myra Chad,+919767130942,+913918410249,2025-05-10,https://randomuser.me/api/portraits/men/59.jpg,True,"41/531, Bhatia Circle, Raichur 094695","89, Datta Road, Berhampur 291119",Madanapalle,Madhya Pradesh,063749
S060,Uthkarsh,Vig,2015-12-22,Female,396937519504,samiharatta@chaudhuri.com,Hansh Char,Anika Tara,+915822063380,+911777799280,2023-11-22,https://randomuser.me/api/portraits/women/60.jpg,True,"029, Ratti Zila, Anantapur-187205","H.No. 987, Khosla Road, Haldia-030184",Raebareli,West Bengal,320164
S061,Kartik,Dayal,2010-02-12,Female,435447833300,ivanwalla@gmail.com,Ivana Kota,Jiya Dugar,+916876344380,+911221317551,2023-06-29,https://randomuser.me/api/portraits/women/61.jpg,True,"76/489, Virk Road, Guwahati 534599","63, Ratta Marg, Danapur 259776",Kolhapur,Manipur,073763
S062,Hrishita,Varghese,2020-04-16,Female,349913113691,navyaranganathan@hotmail.com,Kabir Baral,Myra Subramaniam,+917904513102,3148836019,2023-03-14,https://randomuser.me/api/portraits/women/62.jpg,True,"H.No. 88, Rattan Road, Siwan-546560","56, Shah Marg, Ichalkaranji 728138",Ambattur,Uttar Pradesh,387116
S063,Dishani,Buch,2006-08-20,Female,891968935009,ckrishnan@hotmail.com,Shaan Chand,Shamik Sawhney,06320507317,06304714293,2024-03-07,https://randomuser.me/api/portraits/women/63.jpg,True,"H.No. 512, Bansal Street, Navi Mumbai-581186","61/71, Kale, Barasat-697350",Kumbakonam,Kerala,505734
S064,Aaryahi,Krishnamurthy,2011-11-13,Female,370097868463,bhavinkadakia@hotmail.com,Saanvi Bumb,Kaira Khare,+919219150148,05489972715,2021-11-15,https://randomuser.me/api/portraits/women/64.jpg,True,"511, Ben Road, Dehri-016291","H.No. 25, Bahri Marg, Warangal-597304",Bhilai,Goa,139856
S065,Indrajit,Gokhale,2015-03-02,Female,834411222760,anahikhosla@chhabra.org,Indranil Ben,Rohan Kapoor,2045218623,9779130873,2022-03-12,https://randomuser.me/api/portraits/women/65.jpg,True,"76/565, Dara, Ulhasnagar 387182","47, Rajagopalan Chowk, Jabalpur-861695",Thoothukudi,Tripura,440462
S066,Charvi,Gill,2010-03-10,Male,800697116102,savantpari@dash-tata.net,Amani Sathe,Abram Divan,+915710670713,+910481974578,2023-02-17,https://randomuser.me/api/portraits/men/66.jpg,True,"H.No. 62, Dhar Ganj, Rourkela 222333","04/34, Bhatti Marg, Jorhat 274140",Korba,Jharkhand,932555
S067,Shanaya,Koshy,2009-11-01,Male,300331195774,ggaba@gmail.com,Baiju Bhasin,Dishani Chander,+914364727862,02020705639,2024-05-10,https://randomuser.me/api/portraits/men/67.jpg,True,"19, Barad Ganj, Madurai 354277","H.No. 15, Gupta, Avadi 755928",Aligarh,West Bengal,930520
S068,Nitya,Sama,2013-05-31,Female,675261366644,tarangara@vora.com,Kanav Gera,Prerak Chad,07812838784,4210548292,2022-02-01,https://randomuser.me/api/portraits/women/68.jpg,True,"75/29, Balay Path, Eluru-259659","073, Dixit Road, Uluberia 415870",Saharsa,Kerala,822090
S069,Miraya,Mallick,2015-08-05,Female,568058373030,mannatuppal@saini.com,Yuvaan Gaba,Adah Rama,08566199344,2303206445,2020-08-08,https://randomuser.me/api/portraits/women/69.jpg,True,"52/33, Deshpande Road, Udaipur 107523","42/785, Srinivasan Zila, Bahraich 177608",Alwar,Maharashtra,644607
S070,Faiyaz,Chaudhuri,2006-09-10,Female,109604403580,zchawla@hotmail.com,Rasha Sundaram,Neysa Bir,+913343573794,+919198038624,2021-01-04,https://randomuser.me/api/portraits/women/70.jpg,True,"H.No. 60, Kala, Rewa 728307","H.No. 20, Gara Chowk, Tirunelveli 116333",Shimoga,Himachal Pradesh,837910
S071,Darshit,Dasgupta,2011-05-05,Female,284869098771,zachariariya@gala-char.com,Akarsh Buch,Drishya Gera,+915161191387,3985408581,2021-06-18,https://randomuser.me/api/portraits/women/71.jpg,True,"73/54, Thakkar Zila, Nellore 044769","H.No. 997, Barman Ganj, Hapur-237614",Etawah,Nagaland,154150
S072,Ayesha,Lad,2009-04-03,Female,806238184837,hsandal@yahoo.com,Kaira Mannan,Anvi Bassi,4169127437,03899182040,2021-05-10,https://randomuser.me/api/portraits/women/72.jpg,True,"57/398, Varma Nagar, Bally-646457","978, Biswas Marg, Sri Ganganagar-689470",Orai,Kerala,098446
S073,Zara,Rau,2016-08-15,Female,818460189083,yuvaankannan@gmail.com,Raunak Taneja,Devansh Chakrabarti,5451098003,+916348776578,2025-07-15,https://randomuser.me/api/portraits/women/73.jpg,True,"82/19, Dugal Road, Mangalore-426720","H.No. 69, Vohra Street, Ambarnath-796136",Jaipur,Bihar,394974
S074,Raunak,Gour,2008-07-04,Male,560714219131,ubrar@goyal-bobal.com,Stuvan Dhar,Divit Raju,+911921802788,+919980302337,2020-10-06,https://randomuser.me/api/portraits/men/74.jpg,True,"865, Ghosh Road, Narasaraopet-560255","H.No. 08, Jayaraman Street, North Dumdum-309739",Bongaigaon,Telangana,796431
S075,Biju,Sood,2014-10-21,Male,356885808367,basualisha@upadhyay.info,Anvi Halder,Himmat Kalita,0308354778,00798887613,2024-08-26,https://randomuser.me/api/portraits/men/75.jpg,True,"H.No. 76, Bhardwaj Marg, Ongole-368468","74/422, Rau Road, Hajipur-109813",Shivpuri,Tamil Nadu,479745
S076,Hansh,Rastogi,2017-09-08,Female,801408219645,indranschana@hotmail.com,Yuvraj  Ahluwalia,Prisha Reddy,+918130709703,05970149342,2025-05-08,https://randomuser.me/api/portraits/women/76.jpg,True,"156, Lall Circle, Aurangabad-658144","01/432, Anand Chowk, Gurgaon-815117",Sagar,Punjab,328160
S077,Gokul,Bir,2011-05-21,Male,136476723538,zachariaishaan@saran.com,Indranil Ramanathan,Vanya Malhotra,+914873761001,+913572368771,2023-05-22,https://randomuser.me/api/portraits/men/77.jpg,True,"84, Iyengar Circle, Bidhannagar-458080","05/34, Tata Circle, Gangtok-387538",Ichalkaranji,West Bengal,977910
S078,Rania,Agarwal,2009-10-10,Female,119207781087,purab45@gmail.com,Myra Deshmukh,Advik Issac,+916606248028,06892349223,2025-06-10,https://randomuser.me/api/portraits/women/78.jpg,True,"53/719, Khanna Path, Ratlam-392470","143, Sanghvi Zila, Naihati-240345",Tadipatri,Assam,516623
S079,Anahita,Chauhan,2012-09-10,Male,560140114197,suhanahans@dhar-gopal.com,Navya Doctor,Adira Sule,00288358190,05040442904,2025-05-26,https://randomuser.me/api/portraits/men/79.jpg,True,"H.No. 946, Swamy Road, Jorhat 852413","45, Bail, Akola-818015",Raiganj,Odisha,463809
S080,Veer,Batta,2019-02-07,Female,963675367698,shanayajha@yahoo.com,Jayan Gaba,Reyansh Manda,9136874714,3140584650,2024-12-27,https://randomuser.me/api/portraits/women/80.jpg,True,"H.No. 42, Bose Chowk, Dharmavaram-609339","680, Rajagopal Road, Surat-412121",Ichalkaranji,Himachal Pradesh,437951
S081,Rati,Seshadri,2008-10-11,Female,223892952376,yasmin70@borra.com,Indrans Dayal,Elakshi Saha,05686538072,+914165193560,2021-09-21,https://randomuser.me/api/portraits/women/81.jpg,True,"64/444, Gupta Street, Noida-074663","87/785, Walla, Gurgaon-108732",Ramagundam,Bihar,211057
S082,Oorja,Barman,2015-04-07,Female,654229151148,mannatdalal@hotmail.com,Tushar Goda,Advik Varughese,0669319684,+919651043507,2023-06-19,https://randomuser.me/api/portraits/women/82.jpg,True,"77/93, Sawhney Chowk, Guntakal-861180","26/812, Barad Zila, Unnao 244193",Mathura,Sikkim,526399
S083,Hunar,Ahluwalia,2007-01-17,Male,411237800680,xkrishna@chahal.com,Nitya Buch,Arnav Sarma,6705178162,9662494604,2025-01-26,https://randomuser.me/api/portraits/men/83.jpg,True,"00/691, Gokhale Circle, Hospet 846792","44, Babu Road, Jalna 323074",Visakhapatnam,Meghalaya,501774
S084,Nakul,Wali,2020-02-05,Female,832930279035,vartyhansh@ben.com,Parinaaz Saraf,Krish Khare,4135420355,8852907497,2024-01-25,https://randomuser.me/api/portraits/women/84.jpg,True,"H.No. 617, Rau Ganj, Vellore-970326","47/80, Yogi Marg, Kottayam-886824",Mysore,Andhra Pradesh,925165
S085,Alisha,Khalsa,2019-10-10,Female,380509090597,divijsalvi@kulkarni-rau.org,Gokul Edwin,Sahil Bava,5959601348,05963329800,2020-12-01,https://randomuser.me/api/portraits/women/85.jpg,True,"45/465, Tank Road, Munger-492988","788, Konda Path, Sangli-Miraj & Kupwad-924864",Bhavnagar,Meghalaya,625018
S086,Kavya,Sampath,2013-06-27,Male,686163802664,ndugal@chaudhry-dey.com,Aniruddh Kumer,Ela Suresh,6570097342,+915056981574,2021-01-05,https://randomuser.me/api/portraits/men/86.jpg,True,"H.No. 863, Dasgupta Ganj, Bhubaneswar 455806","17/48, Khanna Marg, Siliguri-078933",Serampore,Punjab,318226
S087,Dishani,Sood,2009-08-28,Male,605322805570,koshymiraya@yahoo.com,Vanya Shanker,Keya Grewal,7026522352,1122679753,2021-05-12,https://randomuser.me/api/portraits/men/87.jpg,True,"69/489, Bajwa Zila, Bidhannagar-731708","H.No. 89, Kala Street, Bhopal 944483",Kadapa,West Bengal,526730
S088,Indrans,Kuruvilla,2007-12-17,Male,965918739140,sairadevi@taneja.net,Damini Hegde,Samaira De,07058713039,+918457379923,2020-11-12,https://randomuser.me/api/portraits/men/88.jpg,True,"02, Mahajan Road, Rajahmundry 309358","42, Apte Nagar, Kottayam 408858",Jehanabad,Maharashtra,907503
S089,Madhup,Char,2008-10-26,Female,421407257790,barmankashvi@hotmail.com,Oorja Sridhar,Madhup Gulati,+919659337736,05684965726,2022-11-17,https://randomuser.me/api/portraits/women/89.jpg,True,"80, Mandal Ganj, Silchar 312130","H.No. 20, Iyengar Chowk, Pondicherry 457801",Unnao,Sikkim,540723
S090,Rohan,Gulati,2009-05-05,Female,202897366784,psidhu@shah-bansal.com,Aarna Jani,Mohanlal Atwal,7134546905,0085307886,2021-04-12,https://randomuser.me/api/portraits/women/90.jpg,True,"816, Bora Zila, Gulbarga-122522","11, Saxena, Kalyan-Dombivli-701129",Jalandhar,Tamil Nadu,453615
S091,Oorja,Hans,2017-02-02,Female,504716697466,nishithaurora@hotmail.com,Anay Mannan,Indrans Atwal,+914099076706,+915381305213,2025-07-08,https://randomuser.me/api/portraits/women/91.jpg,True,"31/832, Date Zila, Junagadh 812341","889, Cheema Zila, Burhanpur-473858",Coimbatore,Rajasthan,054075
S092,Anahita,Butala,2016-06-08,Male,372755315947,desainishith@hotmail.com,Anahita Reddy,Azad Goda,01749714711,08190207889,2024-02-18,https://randomuser.me/api/portraits/men/92.jpg,True,"H.No. 054, Sood Nagar, Thiruvananthapuram-847420","H.No. 907, Ramaswamy Path, Madurai-772841",Belgaum,Uttar Pradesh,243443
S093,Kabir,Badami,2012-03-18,Female,944894028980,rarya@vala.info,Shlok Krish,Zoya Ghose,3946412922,6249130293,2022-05-23,https://randomuser.me/api/portraits/women/93.jpg,True,"89/008, Sule Nagar, Bahraich 744141","90, Ranganathan Street, Miryalaguda-525229",Raichur,Madhya Pradesh,992084
S094,Bhamini,Chopra,2019-03-07,Female,356193390045,baiju77@behl-rattan.info,Indrans Borra,Madhav Doctor,+917562405194,03215226538,2021-02-03,https://randomuser.me/api/portraits/women/94.jpg,True,"H.No. 93, Khanna Road, Dibrugarh-632410","64/91, Shroff Road, Guna-255788",Dhanbad,Arunachal Pradesh,674400
S095,Arhaan,Varty,2007-07-14,Female,153696875334,azad68@lala-kurian.com,Yakshit Garde,Zoya Raja,+918773691727,+917220969895,2021-03-14,https://randomuser.me/api/portraits/women/95.jpg,True,"14/291, Krishnamurthy Path, Saharanpur 632311","08/112, Wagle Zila, Farrukhabad-118729",Deoghar,Meghalaya,393982
S096,Nirvaan,Shanker,2015-11-17,Male,552313467381,pihu98@hotmail.com,Lagan Bal,Tarini Hayre,01301408106,08145509816,2020-12-25,https://randomuser.me/api/portraits/men/96.jpg,True,"35/80, Garde, Proddatur-865664","H.No. 71, Goyal, Khammam-343740",Nashik,Nagaland,919892
S097,Kashvi,Dasgupta,2020-02-11,Male,938987970300,rsolanki@lal.com,Kavya Kumer,Vedika Kala,7316691711,09564687910,2025-04-09,https://randomuser.me/api/portraits/men/97.jpg,True,"H.No. 45, Upadhyay Circle, Nangloi Jat-049447","20/75, Bala Road, Durgapur 444295",Kalyan-Dombivli,Tripura,842115
S098,Jayesh,Golla,2015-12-21,Male,861429692821,kararania@kulkarni.biz,Myra Dora,Lakshay Aggarwal,02663161033,09478453818,2023-02-15,https://randomuser.me/api/portraits/men/98.jpg,True,"38/98, Tiwari Street, Ludhiana-823206","19, Raman Circle, Narasaraopet 595399",Dhule,Assam,332739
S099,Mahika,Manne,2007-05-21,Female,174299080950,akala@yahoo.com,Mamooty Sibal,Yashvi Chada,09892672608,3657734648,2023-03-22,https://randomuser.me/api/portraits/women/99.jpg,True,"H.No. 44, Anne Nagar, Katihar-298446","H.No. 27, Aurora Marg, Chittoor 802410",Sonipat,Arunachal Pradesh,058304
S100,Anika,Bedi,2013-06-28,Female,188051691928,bhatnagaraayush@gmail.com,Indranil Shan,Divij Khurana,09607825278,7485781454,2020-09-03,https://randomuser.me/api/portraits/women/0.jpg,True,"H.No. 868, Zacharia Nagar, Jabalpur-117553","H.No. 50, Jayaraman Street, Vijayawada-122265",Aurangabad,Meghalaya,769460
S101,Shayak,Iyer,2012-10-30,Female,818868837327,sahilsanghvi@kapadia.com,Seher Sachar,Anika Bhattacharyya,+913636905153,08330842044,2022-04-28,https://randomuser.me/api/portraits/women/1.jpg,True,"16, Mane Chowk, Dewas-396084","H.No. 864, Sarma Ganj, Darbhanga-145367",Singrauli,Arunachal Pradesh,845419
S102,Kashvi,Sagar,2013-11-01,Male,493830772042,neysasingh@gmail.com,Nishith Lad,Madhav Sengupta,04839589145,04876695718,2022-08-23,https://randomuser.me/api/portraits/men/2.jpg,True,"282, Kade Chowk, Bhubaneswar 548354","H.No. 88, Yogi Ganj, Dehri 600208",Bareilly,Goa,724091
S103,Siya,Sunder,2020-04-11,Female,724215592259,kimayamanda@sunder.com,Riaan Ganguly,Adah Lad,2980415418,1775146152,2025-07-15,https://randomuser.me/api/portraits/women/3.jpg,True,"10/698, Ramachandran Ganj, Gorakhpur 149531","627, Devan Path, Gulbarga-349958",Jhansi,Telangana,505917
S104,Seher,Kuruvilla,2008-09-13,Female,561493331668,sdoshi@kata.com,Sara Majumdar,Purab Walla,+914816298535,8820046122,2021-12-12,https://randomuser.me/api/portraits/women/4.jpg,True,"H.No. 922, Bir Ganj, Dharmavaram-847451","H.No. 31, Contractor Marg, Howrah-576460",Surat,Tamil Nadu,041186
S105,Azad,Mangal,2017-09-26,Male,691563186367,samarth64@rana-deshpande.com,Kismat Anne,Anika Korpal,+910644959841,6587828753,2024-06-01,https://randomuser.me/api/portraits/men/5.jpg,True,"73, Mahajan Street, Gwalior 198603","253, Dixit Street, Pudukkottai-215946",Shivpuri,Meghalaya,236962
S106,Reyansh,Sarna,2007-05-19,Female,969042422558,inaaya-khalsa@dua.info,Shlok Kaul,Himmat Sachdeva,2811974586,+914175740461,2023-11-30,https://randomuser.me/api/portraits/women/6.jpg,True,"520, Agrawal Ganj, Nagaon-400239","H.No. 097, Kala Circle, Guna-450633",Nangloi Jat,Andhra Pradesh,367861
S107,Ishaan,Jain,2010-06-14,Female,208047188728,pedwin@chahal.biz,Anahita Shankar,Tarini Sawhney,03657823753,6179696518,2021-03-25,https://randomuser.me/api/portraits/women/7.jpg,True,"66, Chana Chowk, Ballia-588874","89/099, Lal Path, Deoghar 576450",Nagaon,Rajasthan,575522
S108,Parinaaz,Kashyap,2019-02-22,Female,755005466721,romiltiwari@bhagat.biz,Vardaniya Jani,Yakshit Comar,+916400240020,+912147427609,2025-05-10,https://randomuser.me/api/portraits/women/8.jpg,True,"93, Dhaliwal Path, Lucknow-202677","06/60, Bera Zila, Thiruvananthapuram 618166",Amaravati,Karnataka,756544
S109,Ira,Gara,2007-04-18,Female,593889724058,sharaffarhan@gmail.com,Hunar Kade,Vritika Barman,01837450745,+912010156583,2021-11-14,https://randomuser.me/api/portraits/women/9.jpg,True,"53, Comar Marg, Nashik-997859","H.No. 493, Dhar Marg, Guna 934127",Mysore,Sikkim,116393
S110,Diya,Koshy,2016-11-15,Male,631542844552,taimur72@gmail.com,Tanya Bava,Tarini Solanki,1572897072,+914973008384,2020-08-18,https://randomuser.me/api/portraits/men/10.jpg,True,"89/517, Badami, Sambhal-616532","H.No. 090, Ben Marg, Bahraich 818622",Firozabad,Arunachal Pradesh,662823
S111,Seher,Chandra,2009-04-09,Male,217837113753,kimayaverma@samra.com,Siya Hayre,Lavanya Bir,0108835666,5008373237,2024-02-21,https://randomuser.me/api/portraits/men/11.jpg,True,"12, Aurora, Bharatpur 532848","933, Zacharia Street, Mysore 051031",Kavali,Gujarat,779022
S112,Adah,Bhatnagar,2008-08-24,Male,415787131593,dsankar@sood.biz,Drishya Rajan,Romil Bala,01715690754,+911387300342,2023-07-18,https://randomuser.me/api/portraits/men/12.jpg,True,"H.No. 107, Gera, Ramagundam-645669","34/126, Toor Circle, Malda 566286",Madanapalle,Manipur,381541
S113,Hunar,Hegde,2008-07-01,Female,644798631765,aganguly@agrawal-bahl.org,Shamik Ganesan,Kabir Bajaj,05454432423,+918637631762,2025-06-22,https://randomuser.me/api/portraits/women/13.jpg,True,"H.No. 630, Badami Marg, Bijapur-110235","23/640, Comar Street, Rewa 138922",Amravati,Uttar Pradesh,980321
S114,Aaryahi,Som,2007-05-29,Female,352725835655,tandonshayak@kannan-solanki.info,Krish Reddy,Taimur Wadhwa,+911936221631,1250923385,2021-07-31,https://randomuser.me/api/portraits/women/14.jpg,True,"H.No. 205, Lad Circle, Hospet-250476","H.No. 706, Khatri Street, Howrah-050165",Chittoor,Kerala,563175
S115,Taran,Kala,2011-01-08,Female,348932259716,johalvivaan@agrawal.org,Abram Seth,Madhav Sankar,05591797820,5425033120,2025-02-28,https://randomuser.me/api/portraits/women/15.jpg,True,"H.No. 11, Jain Marg, Panchkula-675010","55/62, Goswami Road, Pallavaram-765723",Nandyal,Telangana,239280
S116,Charvi,Dara,2011-11-11,Male,536666385404,iyerbhamini@yahoo.com,Vidur Rajagopal,Anahita Chandran,06838481395,7743835525,2021-03-19,https://randomuser.me/api/portraits/men/16.jpg,True,"17/345, Sekhon Path, Ichalkaranji-570795","85/821, Som Path, Giridih-641364",Vadodara,Mizoram,451123
S117,Ehsaan,Gokhale,2009-03-06,Male,521470454714,desaijivika@barad-brar.biz,Myra Chana,Ehsaan Raman,07881616330,9507601989,2024-01-05,https://randomuser.me/api/portraits/men/17.jpg,True,"H.No. 850, Seshadri Path, Loni 790605","060, Dewan Nagar, Kharagpur 333736",Ramagundam,Uttar Pradesh,522234
S118,Zaina,Bhandari,2013-11-24,Female,764327477606,tankdivyansh@hotmail.com,Jhanvi Bhattacharyya,Bhavin Kamdar,+918163554683,+918785530754,2022-03-10,https://randomuser.me/api/portraits/women/18.jpg,True,"83, Behl Road, Bhiwani-326966","09, Warrior Street, Vijayanagaram 044179",Eluru,Rajasthan,712207
S119,Devansh,Sengupta,2015-04-13,Female,977964571402,psrinivas@goyal.com,Tejas Walla,Aaina Sidhu,+916527985841,5988630924,2021-09-21,https://randomuser.me/api/portraits/women/19.jpg,True,"H.No. 455, Khurana Nagar, Narasaraopet 489355","H.No. 71, Manda Nagar, Danapur-588291",Chittoor,Andhra Pradesh,537193
S120,Rasha,Balan,2013-04-09,Male,148752826594,aradhyachanda@chand-varghese.net,Emir Khanna,Kartik Grewal,5858442995,04584514586,2023-09-16,https://randomuser.me/api/portraits/men/20.jpg,True,"06/09, Dugar Street, Tumkur 808460","89/092, Swamy Ganj, Kakinada-243218",Guntur,Mizoram,336090
S121,Arjun,Sharma,2009-03-15,Male,123456789012,arjun.sharma@email.com,Rajesh Sharma,Priya Sharma,9876543210,9876543211,2024-04-15,https://randomuser.me/api/portraits/men/21.jpg,True,"123 Main Street, Delhi-110001","123 Main Street, Delhi-110001",Delhi,Delhi,110001
S122,Kavya,Patel,2009-07-22,Female,234567890123,kavya.patel@email.com,Vikram Patel,Meera Patel,9876543212,9876543213,2024-04-15,https://randomuser.me/api/portraits/women/21.jpg,True,"456 Park Avenue, Mumbai-400001","456 Park Avenue, Mumbai-400001",Mumbai,Maharashtra,400001
S123,Rohan,Singh,2008-11-08,Male,345678901234,rohan.singh@email.com,Suresh Singh,Anita Singh,9876543214,9876543215,2024-04-15,https://randomuser.me/api/portraits/men/22.jpg,True,"789 Lake View, Bangalore-560001","789 Lake View, Bangalore-560001",Bangalore,Karnataka,560001
S124,Priya,Gupta,2008-05-12,Female,456789012345,priya.gupta@email.com,Amit Gupta,Sunita Gupta,9876543216,9876543217,2024-04-15,https://randomuser.me/api/portraits/women/22.jpg,True,"321 Hill Station, Chennai-600001","321 Hill Station, Chennai-600001",Chennai,Tamil Nadu,600001
S125,Aditya,Kumar,2009-01-20,Male,567890123456,aditya.kumar@email.com,Deepak Kumar,Ritu Kumar,9876543218,9876543219,2024-04-15,https://randomuser.me/api/portraits/men/23.jpg,True,"654 Green Valley, Kolkata-700001","654 Green Valley, Kolkata-700001",Kolkata,West Bengal,700001
S126,Sneha,Joshi,2008-09-14,Female,678901234567,sneha.joshi@email.com,Manish Joshi,Kavita Joshi,9876543220,9876543221,2024-04-15,https://randomuser.me/api/portraits/women/23.jpg,True,"987 Rose Garden, Pune-411001","987 Rose Garden, Pune-411001",Pune,Maharashtra,411001
S127,Karan,Reddy,2007-12-03,Male,789012345678,karan.reddy@email.com,Venkat Reddy,Lakshmi Reddy,9876543222,9876543223,2024-04-15,https://randomuser.me/api/portraits/men/24.jpg,True,"147 Tech Park, Hyderabad-500001","147 Tech Park, Hyderabad-500001",Hyderabad,Telangana,500001
S128,Ananya,Iyer,2007-06-18,Female,890123456789,ananya.iyer@email.com,Krishnan Iyer,Radha Iyer,9876543224,9876543225,2024-04-15,https://randomuser.me/api/portraits/women/24.jpg,True,"258 Temple Street, Cochin-682001","258 Temple Street, Cochin-682001",Cochin,Kerala,682001
S129,Varun,Agarwal,2008-02-10,Male,901234567890,varun.agarwal@email.com,Rohit Agarwal,Neha Agarwal,9876543226,9876543227,2024-04-15,https://randomuser.me/api/portraits/men/25.jpg,True,"369 Business District, Jaipur-302001","369 Business District, Jaipur-302001",Jaipur,Rajasthan,302001
S130,Riya,Mehta,2007-10-25,Female,012345678901,riya.mehta@email.com,Ashish Mehta,Pooja Mehta,9876543228,9876543229,2024-04-15,https://randomuser.me/api/portraits/women/25.jpg,True,"741 Central Plaza, Ahmedabad-380001","741 Central Plaza, Ahmedabad-380001",Ahmedabad,Gujarat,380001
S131,Siddharth,Malhotra,2006-04-07,Male,123450987654,siddharth.malhotra@email.com,Rajiv Malhotra,Seema Malhotra,9876543230,9876543231,2024-04-15,https://randomuser.me/api/portraits/men/26.jpg,True,"852 Elite Residency, Chandigarh-160001","852 Elite Residency, Chandigarh-160001",Chandigarh,Punjab,160001
S132,Ishika,Saxena,2006-08-19,Female,234561098765,ishika.saxena@email.com,Sanjay Saxena,Urmila Saxena,9876543232,9876543233,2024-04-15,https://randomuser.me/api/portraits/women/26.jpg,True,"963 University Area, Lucknow-226001","963 University Area, Lucknow-226001",Lucknow,Uttar Pradesh,226001
S133,Harsh,Verma,2007-01-11,Male,345672109876,harsh.verma@email.com,Vinod Verma,Rekha Verma,9876543234,9876543235,2024-04-15,https://randomuser.me/api/portraits/men/27.jpg,True,"174 Industrial Area, Indore-452001","174 Industrial Area, Indore-452001",Indore,Madhya Pradesh,452001
S134,Nisha,Kapoor,2006-12-28,Female,456783210987,nisha.kapoor@email.com,Sunil Kapoor,Geeta Kapoor,9876543236,9876543237,2024-04-15,https://randomuser.me/api/portraits/women/27.jpg,True,"285 Commercial Complex, Nagpur-440001","285 Commercial Complex, Nagpur-440001",Nagpur,Maharashtra,440001
S135,Yash,Tiwari,2007-05-16,Male,567894321098,yash.tiwari@email.com,Prakash Tiwari,Shanti Tiwari,9876543238,9876543239,2024-04-15,https://randomuser.me/api/portraits/men/28.jpg,True,"396 Heritage Colony, Bhopal-462001","396 Heritage Colony, Bhopal-462001",Bhopal,Madhya Pradesh,462001
S136,Tanvi,Bansal,2006-09-02,Female,678905432109,tanvi.bansal@email.com,Arun Bansal,Sushma Bansal,9876543240,9876543241,2024-04-15,https://randomuser.me/api/portraits/women/28.jpg,True,"507 Golden Heights, Gurgaon-122001","507 Golden Heights, Gurgaon-122001",Gurgaon,Haryana,122001
S137,Aman,Choudhary,2005-03-24,Male,789016543210,aman.choudhary@email.com,Mahesh Choudhary,Sunita Choudhary,9876543242,9876543243,2024-04-15,https://randomuser.me/api/portraits/men/29.jpg,True,"618 Royal Enclave, Udaipur-313001","618 Royal Enclave, Udaipur-313001",Udaipur,Rajasthan,313001
S138,Dia,Khanna,2005-07-13,Female,890127654321,dia.khanna@email.com,Rohit Khanna,Prerna Khanna,9876543244,9876543245,2024-04-15,https://randomuser.me/api/portraits/women/29.jpg,True,"729 Pearl Gardens, Ludhiana-141001","729 Pearl Gardens, Ludhiana-141001",Ludhiana,Punjab,141001
S139,Aryan,Bhatt,2006-11-09,Male,901238765432,aryan.bhatt@email.com,Kiran Bhatt,Meena Bhatt,9876543246,9876543247,2024-04-15,https://randomuser.me/api/portraits/men/30.jpg,True,"830 Silver City, Surat-395001","830 Silver City, Surat-395001",Surat,Gujarat,395001
S140,Simran,Aggarwal,2005-01-26,Female,012349876543,simran.aggarwal@email.com,Mohan Aggarwal,Kavita Aggarwal,9876543248,9876543249,2024-04-15,https://randomuser.me/api/portraits/women/30.jpg,True,"941 Diamond Square, Amritsar-143001","941 Diamond Square, Amritsar-143001",Amritsar,Punjab,143001
S141,Aarav,Sharma,2020-03-15,Male,123456789013,aarav.sharma@email.com,Rajesh Sharma,Priya Sharma,9876543250,9876543251,2024-04-15,https://randomuser.me/api/portraits/men/31.jpg,True,"142 Main Street, Delhi-110001","142 Main Street, Delhi-110001",Delhi,Delhi,110001
S142,Anaya,Patel,2019-07-22,Female,234567890124,anaya.patel@email.com,Vikram Patel,Meera Patel,9876543252,9876543253,2024-04-15,https://randomuser.me/api/portraits/women/31.jpg,True,"457 Park Avenue, Mumbai-400001","457 Park Avenue, Mumbai-400001",Mumbai,Maharashtra,400001
S143,Vihaan,Singh,2018-11-08,Male,345678901235,vihaan.singh@email.com,Suresh Singh,Anita Singh,9876543254,9876543255,2024-04-15,https://randomuser.me/api/portraits/men/32.jpg,True,"790 Lake View, Bangalore-560001","790 Lake View, Bangalore-560001",Bangalore,Karnataka,560001
S144,Diya,Gupta,2017-05-12,Female,456789012346,diya.gupta@email.com,Amit Gupta,Sunita Gupta,9876543256,9876543257,2024-04-15,https://randomuser.me/api/portraits/women/32.jpg,True,"322 Hill Station, Chennai-600001","322 Hill Station, Chennai-600001",Chennai,Tamil Nadu,600001
S145,Arjun,Kumar,2016-01-20,Male,567890123457,arjun.kumar@email.com,Deepak Kumar,Ritu Kumar,9876543258,9876543259,2024-04-15,https://randomuser.me/api/portraits/men/33.jpg,True,"655 Green Valley, Kolkata-700001","655 Green Valley, Kolkata-700001",Kolkata,West Bengal,700001
S146,Ira,Joshi,2015-09-14,Female,678901234568,ira.joshi@email.com,Manish Joshi,Kavita Joshi,9876543260,9876543261,2024-04-15,https://randomuser.me/api/portraits/women/33.jpg,True,"988 Rose Garden, Pune-411001","988 Rose Garden, Pune-411001",Pune,Maharashtra,411001
S147,Ayaan,Reddy,2014-12-03,Male,789012345679,ayaan.reddy@email.com,Venkat Reddy,Lakshmi Reddy,9876543262,9876543263,2024-04-15,https://randomuser.me/api/portraits/men/34.jpg,True,"148 Tech Park, Hyderabad-500001","148 Tech Park, Hyderabad-500001",Hyderabad,Telangana,500001
S148,Myra,Iyer,2013-06-18,Female,890123456780,myra.iyer@email.com,Krishnan Iyer,Radha Iyer,9876543264,9876543265,2024-04-15,https://randomuser.me/api/portraits/women/34.jpg,True,"259 Temple Street, Cochin-682001","259 Temple Street, Cochin-682001",Cochin,Kerala,682001
S149,Reyansh,Agarwal,2012-02-10,Male,901234567891,reyansh.agarwal@email.com,Rohit Agarwal,Neha Agarwal,9876543266,9876543267,2024-04-15,https://randomuser.me/api/portraits/men/35.jpg,True,"370 Business District, Jaipur-302001","370 Business District, Jaipur-302001",Jaipur,Rajasthan,302001
S150,Saanvi,Mehta,2011-10-25,Female,012345678902,saanvi.mehta@email.com,Ashish Mehta,Pooja Mehta,9876543268,9876543269,2024-04-15,https://randomuser.me/api/portraits/women/35.jpg,True,"742 Central Plaza, Ahmedabad-380001","742 Central Plaza, Ahmedabad-380001",Ahmedabad,Gujarat,380001
S151,Vivaan,Malhotra,2010-04-07,Male,123450987655,vivaan.malhotra@email.com,Rajiv Malhotra,Seema Malhotra,9876543270,9876543271,2024-04-15,https://randomuser.me/api/portraits/men/36.jpg,True,"853 Elite Residency, Chandigarh-160001","853 Elite Residency, Chandigarh-160001",Chandigarh,Punjab,160001
S152,Aadya,Saxena,2009-08-19,Female,234561098766,aadya.saxena@email.com,Sanjay Saxena,Urmila Saxena,9876543272,9876543273,2024-04-15,https://randomuser.me/api/portraits/women/36.jpg,True,"964 University Area, Lucknow-226001","964 University Area, Lucknow-226001",Lucknow,Uttar Pradesh,226001
S153,Shivansh,Verma,2008-01-11,Male,345672109877,shivansh.verma@email.com,Vinod Verma,Rekha Verma,9876543274,9876543275,2024-04-15,https://randomuser.me/api/portraits/men/37.jpg,True,"175 Industrial Area, Indore-452001","175 Industrial Area, Indore-452001",Indore,Madhya Pradesh,452001
S154,Kiara,Kapoor,2007-12-28,Female,456783210988,kiara.kapoor@email.com,Sunil Kapoor,Geeta Kapoor,9876543276,9876543277,2024-04-15,https://randomuser.me/api/portraits/women/37.jpg,True,"286 Commercial Complex, Nagpur-440001","286 Commercial Complex, Nagpur-440001",Nagpur,Maharashtra,440001
S155,Kabir,Tiwari,2006-05-16,Male,567894321099,kabir.tiwari@email.com,Prakash Tiwari,Shanti Tiwari,9876543278,9876543279,2024-04-15,https://randomuser.me/api/portraits/men/38.jpg,True,"397 Heritage Colony, Bhopal-462001","397 Heritage Colony, Bhopal-462001",Bhopal,Madhya Pradesh,462001
S156,Pihu,Bansal,2005-09-02,Female,678905432100,pihu.bansal@email.com,Arun Bansal,Sushma Bansal,9876543280,9876543281,2024-04-15,https://randomuser.me/api/portraits/women/38.jpg,True,"508 Golden Heights, Gurgaon-122001","508 Golden Heights, Gurgaon-122001",Gurgaon,Haryana,122001
S157,Atharv,Choudhary,2020-03-24,Male,789016543211,atharv.choudhary@email.com,Mahesh Choudhary,Sunita Choudhary,9876543282,9876543283,2024-04-15,https://randomuser.me/api/portraits/men/39.jpg,True,"619 Royal Enclave, Udaipur-313001","619 Royal Enclave, Udaipur-313001",Udaipur,Rajasthan,313001
S158,Riya,Khanna,2019-07-13,Female,890127654322,riya.khanna@email.com,Rohit Khanna,Prerna Khanna,9876543284,9876543285,2024-04-15,https://randomuser.me/api/portraits/women/39.jpg,True,"730 Pearl Gardens, Ludhiana-141001","730 Pearl Gardens, Ludhiana-141001",Ludhiana,Punjab,141001
S159,Ishaan,Bhatt,2018-11-09,Male,901238765433,ishaan.bhatt@email.com,Kiran Bhatt,Meena Bhatt,9876543286,9876543287,2024-04-15,https://randomuser.me/api/portraits/men/40.jpg,True,"831 Silver City, Surat-395001","831 Silver City, Surat-395001",Surat,Gujarat,395001
S160,Avni,Aggarwal,2017-01-26,Female,012349876544,avni.aggarwal@email.com,Mohan Aggarwal,Kavita Aggarwal,9876543288,9876543289,2024-04-15,https://randomuser.me/api/portraits/women/40.jpg,True,"942 Diamond Square, Amritsar-143001","942 Diamond Square, Amritsar-143001",Amritsar,Punjab,143001
S161,Aadhya,Sharma,2016-06-15,Female,123456789014,aadhya.sharma@email.com,Rajesh Sharma,Priya Sharma,9876543290,9876543291,2024-04-15,https://randomuser.me/api/portraits/women/41.jpg,True,"143 Main Street, Delhi-110001","143 Main Street, Delhi-110001",Delhi,Delhi,110001
S162,Dev,Patel,2015-03-22,Male,234567890125,dev.patel@email.com,Vikram Patel,Meera Patel,9876543292,9876543293,2024-04-15,https://randomuser.me/api/portraits/men/41.jpg,True,"458 Park Avenue, Mumbai-400001","458 Park Avenue, Mumbai-400001",Mumbai,Maharashtra,400001
S163,Anika,Singh,2014-11-08,Female,345678901236,anika.singh@email.com,Suresh Singh,Anita Singh,9876543294,9876543295,2024-04-15,https://randomuser.me/api/portraits/women/42.jpg,True,"791 Lake View, Bangalore-560001","791 Lake View, Bangalore-560001",Bangalore,Karnataka,560001
S164,Krish,Gupta,2013-05-12,Male,456789012347,krish.gupta@email.com,Amit Gupta,Sunita Gupta,9876543296,9876543297,2024-04-15,https://randomuser.me/api/portraits/men/42.jpg,True,"323 Hill Station, Chennai-600001","323 Hill Station, Chennai-600001",Chennai,Tamil Nadu,600001
S165,Navya,Kumar,2012-01-20,Female,567890123458,navya.kumar@email.com,Deepak Kumar,Ritu Kumar,9876543298,9876543299,2024-04-15,https://randomuser.me/api/portraits/women/43.jpg,True,"656 Green Valley, Kolkata-700001","656 Green Valley, Kolkata-700001",Kolkata,West Bengal,700001
S166,Aryan,Joshi,2011-09-14,Male,678901234569,aryan.joshi@email.com,Manish Joshi,Kavita Joshi,9876543300,9876543301,2024-04-15,https://randomuser.me/api/portraits/men/43.jpg,True,"989 Rose Garden, Pune-411001","989 Rose Garden, Pune-411001",Pune,Maharashtra,411001
S167,Siya,Reddy,2010-12-03,Female,789012345680,siya.reddy@email.com,Venkat Reddy,Lakshmi Reddy,9876543302,9876543303,2024-04-15,https://randomuser.me/api/portraits/women/44.jpg,True,"149 Tech Park, Hyderabad-500001","149 Tech Park, Hyderabad-500001",Hyderabad,Telangana,500001
S168,Advik,Iyer,2009-06-18,Male,890123456781,advik.iyer@email.com,Krishnan Iyer,Radha Iyer,9876543304,9876543305,2024-04-15,https://randomuser.me/api/portraits/men/44.jpg,True,"260 Temple Street, Cochin-682001","260 Temple Street, Cochin-682001",Cochin,Kerala,682001
S169,Anvi,Agarwal,2008-02-10,Female,901234567892,anvi.agarwal@email.com,Rohit Agarwal,Neha Agarwal,9876543306,9876543307,2024-04-15,https://randomuser.me/api/portraits/women/45.jpg,True,"371 Business District, Jaipur-302001","371 Business District, Jaipur-302001",Jaipur,Rajasthan,302001
S170,Rudra,Mehta,2007-10-25,Male,012345678903,rudra.mehta@email.com,Ashish Mehta,Pooja Mehta,9876543308,9876543309,2024-04-15,https://randomuser.me/api/portraits/men/45.jpg,True,"743 Central Plaza, Ahmedabad-380001","743 Central Plaza, Ahmedabad-380001",Ahmedabad,Gujarat,380001
S171,Aarohi,Malhotra,2020-04-07,Female,123450987656,aarohi.malhotra@email.com,Rajiv Malhotra,Seema Malhotra,9876543310,9876543311,2024-04-15,https://randomuser.me/api/portraits/women/46.jpg,True,"854 Elite Residency, Chandigarh-160001","854 Elite Residency, Chandigarh-160001",Chandigarh,Punjab,160001
S172,Yuvaan,Saxena,2019-08-19,Male,234561098767,yuvaan.saxena@email.com,Sanjay Saxena,Urmila Saxena,9876543312,9876543313,2024-04-15,https://randomuser.me/api/portraits/men/46.jpg,True,"965 University Area, Lucknow-226001","965 University Area, Lucknow-226001",Lucknow,Uttar Pradesh,226001
S173,Kavya,Verma,2018-01-11,Female,345672109878,kavya.verma@email.com,Vinod Verma,Rekha Verma,9876543314,9876543315,2024-04-15,https://randomuser.me/api/portraits/women/47.jpg,True,"176 Industrial Area, Indore-452001","176 Industrial Area, Indore-452001",Indore,Madhya Pradesh,452001
S174,Shaurya,Kapoor,2017-12-28,Male,456783210989,shaurya.kapoor@email.com,Sunil Kapoor,Geeta Kapoor,9876543316,9876543317,2024-04-15,https://randomuser.me/api/portraits/men/47.jpg,True,"287 Commercial Complex, Nagpur-440001","287 Commercial Complex, Nagpur-440001",Nagpur,Maharashtra,440001
S175,Zara,Tiwari,2016-05-16,Female,567894321091,zara.tiwari@email.com,Prakash Tiwari,Shanti Tiwari,9876543318,9876543319,2024-04-15,https://randomuser.me/api/portraits/women/48.jpg,True,"398 Heritage Colony, Bhopal-462001","398 Heritage Colony, Bhopal-462001",Bhopal,Madhya Pradesh,462001
S176,Aarush,Bansal,2015-09-02,Male,678905432101,aarush.bansal@email.com,Arun Bansal,Sushma Bansal,9876543320,9876543321,2024-04-15,https://randomuser.me/api/portraits/men/48.jpg,True,"509 Golden Heights, Gurgaon-122001","509 Golden Heights, Gurgaon-122001",Gurgaon,Haryana,122001
S177,Ananya,Choudhary,2014-03-24,Female,789016543212,ananya.choudhary@email.com,Mahesh Choudhary,Sunita Choudhary,9876543322,9876543323,2024-04-15,https://randomuser.me/api/portraits/women/49.jpg,True,"620 Royal Enclave, Udaipur-313001","620 Royal Enclave, Udaipur-313001",Udaipur,Rajasthan,313001
S178,Veer,Khanna,2013-07-13,Male,890127654323,veer.khanna@email.com,Rohit Khanna,Prerna Khanna,9876543324,9876543325,2024-04-15,https://randomuser.me/api/portraits/men/49.jpg,True,"731 Pearl Gardens, Ludhiana-141001","731 Pearl Gardens, Ludhiana-141001",Ludhiana,Punjab,141001
S179,Mira,Bhatt,2012-11-09,Female,901238765434,mira.bhatt@email.com,Kiran Bhatt,Meena Bhatt,9876543326,9876543327,2024-04-15,https://randomuser.me/api/portraits/women/50.jpg,True,"832 Silver City, Surat-395001","832 Silver City, Surat-395001",Surat,Gujarat,395001
S180,Arnav,Aggarwal,2011-01-26,Male,012349876545,arnav.aggarwal@email.com,Mohan Aggarwal,Kavita Aggarwal,9876543328,9876543329,2024-04-15,https://randomuser.me/api/portraits/men/50.jpg,True,"943 Diamond Square, Amritsar-143001","943 Diamond Square, Amritsar-143001",Amritsar,Punjab,143001
